Назва,Ціна (GBP),Наявність,Рейтинг (зірок)
A Light in the Attic,GBP 51.77,In stock,3
Tipping the Velvet,GBP 53.74,In stock,1
Soumission,GBP 50.10,In stock,1
Sharp Objects,GBP 47.82,In stock,4
Sapiens: A Brief History of Humankind,GBP 54.23,In stock,5
The Requiem Red,GBP 22.65,In stock,1
The Dirty Little Secrets of Getting Your Dream Job,GBP 33.34,In stock,4
"The Coming Woman: A Novel Based on the Life of the Infamous Feminist, Victoria Woodhull",GBP 17.93,In stock,3
The Boys in the Boat: Nine Americans and Their Epic Quest for Gold at the 1936 Berlin Olympics,GBP 22.60,In stock,4
The Black Maria,GBP 52.15,In stock,1
"Starving Hearts (Triangular Trade Trilogy, #1)",GBP 13.99,In stock,2
Shakespeare's Sonnets,GBP 20.66,In stock,4
Set Me Free,GBP 17.46,In stock,5
Scott Pilgrim's Precious Little Life (Scott Pilgrim #1),GBP 52.29,In stock,5
Rip it Up and Start Again,GBP 35.02,In stock,5
"Our Band Could Be Your Life: Scenes from the American Indie Underground, 1981-1991",GBP 57.25,In stock,3
Olio,GBP 23.88,In stock,1
Mesaerion: The Best Science Fiction Stories 1800-1849,GBP 37.59,In stock,1
Libertarianism for Beginners,GBP 51.33,In stock,2
It's Only the Himalayas,GBP 45.17,In stock,2
In Her Wake,GBP 12.84,In stock,1
How Music Works,GBP 37.32,In stock,2
"Foolproof Preserving: A Guide to Small Batch Jams, Jellies, Pickles, Condiments, and More: A Foolproof Guide to Making Small Batch Jams, Jellies, Pickles, Condiments, and More",GBP 30.52,In stock,3
Chase Me (Paris Nights #2),GBP 25.27,In stock,5
Black Dust,GBP 34.53,In stock,5
Birdsong: A Story in Pictures,GBP 54.64,In stock,3
America's Cradle of Quarterbacks: Western Pennsylvania's Football Factory from Johnny Unitas to Joe Montana,GBP 22.50,In stock,3
Aladdin and His Wonderful Lamp,GBP 53.13,In stock,3
Worlds Elsewhere: Journeys Around Shakespeare’s Globe,GBP 40.30,In stock,5
Wall and Piece,GBP 44.18,In stock,4
The Four Agreements: A Practical Guide to Personal Freedom,GBP 17.66,In stock,5
The Five Love Languages: How to Express Heartfelt Commitment to Your Mate,GBP 31.05,In stock,3
The Elephant Tree,GBP 23.82,In stock,5
The Bear and the Piano,GBP 36.89,In stock,1
Sophie's World,GBP 15.94,In stock,5
Penny Maybe,GBP 33.29,In stock,3
Maude (1883-1993):She Grew Up with the country,GBP 18.02,In stock,2
"In a Dark, Dark Wood",GBP 19.63,In stock,1
Behind Closed Doors,GBP 52.22,In stock,4
You can't bury them all: Poems,GBP 33.63,In stock,2
Slow States of Collapse: Poems,GBP 57.31,In stock,3
Reasons to Stay Alive,GBP 26.41,In stock,2
Private Paris (Private #10),GBP 47.61,In stock,5
#HigherSelfie: Wake Up Your Life. Free Your Soul. Find Your Tribe.,GBP 23.11,In stock,5
Without Borders (Wanderlove #1),GBP 45.07,In stock,2
When We Collided,GBP 31.77,In stock,1
"We Love You, Charlie Freeman",GBP 50.27,In stock,5
Untitled Collection: Sabbath Poems 2014,GBP 14.27,In stock,4
"Unseen City: The Majesty of Pigeons, the Discreet Charm of Snails & Other Wonders of the Urban Wilderness",GBP 44.18,In stock,4
Unicorn Tracks,GBP 18.78,In stock,3
"Unbound: How Eight Technologies Made Us Human, Transformed Society, and Brought Our World to the Brink",GBP 25.52,In stock,1
Tsubasa: WoRLD CHRoNiCLE 2 (Tsubasa WoRLD CHRoNiCLE #2),GBP 16.28,In stock,1
Throwing Rocks at the Google Bus: How Growth Became the Enemy of Prosperity,GBP 31.12,In stock,3
This One Summer,GBP 19.49,In stock,4
Thirst,GBP 17.27,In stock,5
The Torch Is Passed: A Harding Family Story,GBP 19.09,In stock,1
The Secret of Dreadwillow Carse,GBP 56.13,In stock,1
"The Pioneer Woman Cooks: Dinnertime: Comfort Classics, Freezer Food, 16-Minute Meals, and Other Delicious Ways to Solve Supper!",GBP 56.41,In stock,1
The Past Never Ends,GBP 56.50,In stock,4
The Natural History of Us (The Fine Art of Pretending #2),GBP 45.22,In stock,3
The Nameless City (The Nameless City #1),GBP 38.16,In stock,4
The Murder That Never Was (Forensic Instincts #5),GBP 54.11,In stock,3
The Most Perfect Thing: Inside (and Outside) a Bird's Egg,GBP 42.96,In stock,4
"The Mindfulness and Acceptance Workbook for Anxiety: A Guide to Breaking Free from Anxiety, Phobias, and Worry Using Acceptance and Commitment Therapy",GBP 23.89,In stock,4
The Life-Changing Magic of Tidying Up: The Japanese Art of Decluttering and Organizing,GBP 16.77,In stock,3
"The Inefficiency Assassin: Time Management Tactics for Working Smarter, Not Longer",GBP 20.59,In stock,5
The Gutsy Girl: Escapades for Your Life of Epic Adventure,GBP 37.13,In stock,1
The Electric Pencil: Drawings from Inside State Hospital No. 3,GBP 56.06,In stock,1
The Death of Humanity: and the Case for Life,GBP 58.11,In stock,4
"The Bulletproof Diet: Lose up to a Pound a Day, Reclaim Energy and Focus, Upgrade Your Life",GBP 49.05,In stock,3
The Art Forger,GBP 40.76,In stock,3
The Age of Genius: The Seventeenth Century and the Birth of the Modern Mind,GBP 19.73,In stock,1
The Activist's Tao Te Ching: Ancient Advice for a Modern Revolution,GBP 32.24,In stock,5
Spark Joy: An Illustrated Master Class on the Art of Organizing and Tidying Up,GBP 41.83,In stock,4
Soul Reader,GBP 39.58,In stock,2
Security,GBP 39.25,In stock,2
"Saga, Volume 6 (Saga (Collected Editions) #6)",GBP 25.02,In stock,3
"Saga, Volume 5 (Saga (Collected Editions) #5)",GBP 51.04,In stock,2
Reskilling America: Learning to Labor in the Twenty-First Century,GBP 19.83,In stock,2
"Rat Queens, Vol. 3: Demons (Rat Queens (Collected Editions) #11-15)",GBP 50.40,In stock,3
"Princess Jellyfish 2-in-1 Omnibus, Vol. 01 (Princess Jellyfish 2-in-1 Omnibus #1)",GBP 13.61,In stock,5
Princess Between Worlds (Wide-Awake Princess #5),GBP 13.34,In stock,5
"Pop Gun War, Volume 1: Gift",GBP 18.97,In stock,1
"Political Suicide: Missteps, Peccadilloes, Bad Calls, Backroom Hijinx, Sordid Pasts, Rotten Breaks, and Just Plain Dumb Mistakes in the Annals of American Politics",GBP 36.28,In stock,2
Patience,GBP 10.16,In stock,3
"Outcast, Vol. 1: A Darkness Surrounds Him (Outcast #1)",GBP 15.44,In stock,4
orange: The Complete Collection 1 (orange: The Complete Collection #1),GBP 48.41,In stock,1
Online Marketing for Busy Authors: A Step-By-Step Guide,GBP 46.35,In stock,1
On a Midnight Clear,GBP 14.07,In stock,3
Obsidian (Lux #1),GBP 14.86,In stock,2
My Paris Kitchen: Recipes and Stories,GBP 33.37,In stock,2
Masks and Shadows,GBP 56.40,In stock,2
"Mama Tried: Traditional Italian Cooking for the Screwed, Crude, Vegan, and Tattooed",GBP 14.02,In stock,4
"Lumberjanes, Vol. 2: Friendship to the Max (Lumberjanes #5-8)",GBP 46.91,In stock,2
"Lumberjanes, Vol. 1: Beware the Kitten Holy (Lumberjanes #1-4)",GBP 45.61,In stock,3
Lumberjanes Vol. 3: A Terrible Plan (Lumberjanes #9-12),GBP 19.92,In stock,2
"Layered: Baking, Building, and Styling Spectacular Cakes",GBP 40.11,In stock,1
Judo: Seven Steps to Black Belt (an Introductory Guide for Beginners),GBP 53.90,In stock,2
Join,GBP 35.67,In stock,5
In the Country We Love: My Family Divided,GBP 22.00,In stock,4
Immunity: How Elie Metchnikoff Changed the Course of Modern Medicine,GBP 57.36,In stock,5
"I Hate Fairyland, Vol. 1: Madly Ever After (I Hate Fairyland (Compilations) #1-5)",GBP 29.17,In stock,2
I am a Hero Omnibus Volume 1,GBP 54.63,In stock,3
How to Be Miserable: 40 Strategies You Already Use,GBP 46.03,In stock,1
Her Backup Boyfriend (The Sorensen Family #1),GBP 33.97,In stock,1
"Giant Days, Vol. 2 (Giant Days #5-8)",GBP 22.11,In stock,2
Forever and Forever: The Courtship of Henry Longfellow and Fanny Appleton,GBP 29.69,In stock,3
First and First (Five Boroughs #3),GBP 15.97,In stock,4
Fifty Shades Darker (Fifty Shades #2),GBP 21.96,In stock,1
Everydata: The Misinformation Hidden in the Little Data You Consume Every Day,GBP 54.35,In stock,2
"Don't Be a Jerk: And Other Practical Advice from Dogen, Japan's Greatest Zen Master",GBP 37.97,In stock,2
Danganronpa Volume 1,GBP 51.99,In stock,4
Crown of Midnight (Throne of Glass #2),GBP 43.29,In stock,3
"Codename Baboushka, Volume 1: The Conclave of Death",GBP 36.72,In stock,4
Camp Midnight,GBP 17.08,In stock,4
Call the Nurse: True Stories of a Country Nurse on a Scottish Isle,GBP 29.14,In stock,5
Burning,GBP 28.81,In stock,3
Bossypants,GBP 49.46,In stock,2
"Bitch Planet, Vol. 1: Extraordinary Machine (Bitch Planet (Collected Editions))",GBP 37.92,In stock,2
"Avatar: The Last Airbender: Smoke and Shadow, Part 3 (Smoke and Shadow #3)",GBP 28.09,In stock,2
Algorithms to Live By: The Computer Science of Human Decisions,GBP 30.81,In stock,1
A World of Flavor: Your Gluten Free Passport,GBP 42.95,In stock,1
"A Piece of Sky, a Grain of Rice: A Memoir in Four Meditations",GBP 56.76,In stock,5
A Murder in Time,GBP 16.64,In stock,1
A Flight of Arrows (The Pathfinders #2),GBP 55.53,In stock,5
A Fierce and Subtle Poison,GBP 28.13,In stock,4
A Court of Thorns and Roses (A Court of Thorns and Roses #1),GBP 52.37,In stock,1
(Un)Qualified: How God Uses Broken People to Do Big Things,GBP 54.00,In stock,5
You Are What You Love: The Spiritual Power of Habit,GBP 21.87,In stock,4
"William Shakespeare's Star Wars: Verily, A New Hope (William Shakespeare's Star Wars #4)",GBP 43.30,In stock,4
Tuesday Nights in 1980,GBP 21.04,In stock,2
Tracing Numbers on a Train,GBP 41.60,In stock,3
Throne of Glass (Throne of Glass #1),GBP 35.07,In stock,3
Thomas Jefferson and the Tripoli Pirates: The Forgotten War That Changed American History,GBP 59.64,In stock,1
Thirteen Reasons Why,GBP 52.72,In stock,1
The White Cat and the Monk: A Retelling of the Poem “Pangur Bán”,GBP 58.08,In stock,4
The Wedding Dress,GBP 24.12,In stock,1
The Vacationers,GBP 42.15,In stock,4
The Third Wave: An Entrepreneur’s Vision of the Future,GBP 12.61,In stock,5
The Stranger,GBP 17.44,In stock,4
The Shadow Hero (The Shadow Hero),GBP 33.14,In stock,1
The Secret (The Secret #1),GBP 27.37,In stock,4
The Regional Office Is Under Attack!,GBP 51.36,In stock,5
The Psychopath Test: A Journey Through the Madness Industry,GBP 36.00,In stock,2
The Project,GBP 10.65,In stock,1
The Power of Now: A Guide to Spiritual Enlightenment,GBP 43.54,In stock,2
The Omnivore's Dilemma: A Natural History of Four Meals,GBP 38.21,In stock,2
The Nerdy Nummies Cookbook: Sweet Treats for the Geek in All of Us,GBP 37.34,In stock,5
The Murder of Roger Ackroyd (Hercule Poirot #4),GBP 44.10,In stock,4
The Mistake (Off-Campus #2),GBP 43.29,In stock,3
The Matchmaker's Playbook (Wingmen Inc. #1),GBP 55.85,In stock,1
The Love and Lemons Cookbook: An Apple-to-Zucchini Celebration of Impromptu Cooking,GBP 37.60,In stock,2
The Long Shadow of Small Ghosts: Murder and Memory in an American City,GBP 10.97,In stock,1
The Kite Runner,GBP 41.82,In stock,4
The House by the Lake,GBP 36.95,In stock,1
The Glittering Court (The Glittering Court #1),GBP 44.28,In stock,1
The Girl on the Train,GBP 55.02,In stock,2
The Genius of Birds,GBP 17.24,In stock,1
The Emerald Mystery,GBP 23.15,In stock,2
The Cookies & Cups Cookbook: 125+ sweet & savory recipes reminding you to Always Eat Dessert First,GBP 41.25,In stock,1
The Bridge to Consciousness: I'm Writing the Bridge Between Science and Our Old and New Beliefs.,GBP 32.00,In stock,3
The Artist's Way: A Spiritual Path to Higher Creativity,GBP 38.49,In stock,5
The Art of War,GBP 33.34,In stock,5
The Argonauts,GBP 10.93,In stock,2
The 10% Entrepreneur: Live Your Startup Dream Without Quitting Your Day Job,GBP 27.55,In stock,3
Suddenly in Love (Lake Haven #1),GBP 55.99,In stock,2
Something More Than This,GBP 16.24,In stock,4
Soft Apocalypse,GBP 26.12,In stock,2
So You've Been Publicly Shamed,GBP 12.23,In stock,2
Shoe Dog: A Memoir by the Creator of NIKE,GBP 23.99,In stock,2
"Shobu Samurai, Project Aryoku (#3)",GBP 29.06,In stock,3
Secrets and Lace (Fatal Hearts #1),GBP 20.27,In stock,1
Scarlett Epstein Hates It Here,GBP 43.55,In stock,5
Romero and Juliet: A Tragic Tale of Love and Zombies,GBP 36.94,In stock,1
Redeeming Love,GBP 20.47,In stock,5
Poses for Artists Volume 1 - Dynamic and Sitting Poses: An Essential Reference for Figure Drawing and the Human Form,GBP 41.06,In stock,1
Poems That Make Grown Women Cry,GBP 14.19,In stock,4
"Nightingale, Sing",GBP 38.28,In stock,1
Night Sky with Exit Wounds,GBP 41.05,In stock,1
Mrs. Houdini,GBP 30.25,In stock,5
Modern Romance,GBP 28.26,In stock,5
Miss Peregrine’s Home for Peculiar Children (Miss Peregrine’s Peculiar Children #1),GBP 10.76,In stock,1
Louisa: The Extraordinary Life of Mrs. Adams,GBP 16.85,In stock,2
Little Red,GBP 13.47,In stock,3
Library of Souls (Miss Peregrine’s Peculiar Children #3),GBP 48.56,In stock,5
Large Print Heart of the Pride,GBP 19.15,In stock,2
I Had a Nice Time And Other Lies...: How to find love & sh*t like that,GBP 57.36,In stock,4
Hollow City (Miss Peregrine’s Peculiar Children #2),GBP 42.98,In stock,1
Grumbles,GBP 22.16,In stock,2
Full Moon over Noah’s Ark: An Odyssey to Mount Ararat and Beyond,GBP 49.43,In stock,4
Frostbite (Vampire Academy #2),GBP 29.99,In stock,5
Follow You Home,GBP 21.36,In stock,1
First Steps for New Christians (Print Edition),GBP 29.00,In stock,1
Finders Keepers (Bill Hodges Trilogy #2),GBP 53.53,In stock,5
"Fables, Vol. 1: Legends in Exile (Fables #1)",GBP 41.62,In stock,4
Eureka Trivia 6.0,GBP 54.59,In stock,4
Drive: The Surprising Truth About What Motivates Us,GBP 34.95,In stock,4
Done Rubbed Out (Reightman & Bailey #1),GBP 37.72,In stock,5
Doing It Over (Most Likely To #1),GBP 35.61,In stock,3
"Deliciously Ella Every Day: Quick and Easy Recipes for Gluten-Free Snacks, Packed Lunches, and Simple Meals",GBP 42.16,In stock,3
Dark Notes,GBP 19.19,In stock,5
"Daring Greatly: How the Courage to Be Vulnerable Transforms the Way We Live, Love, Parent, and Lead",GBP 19.43,In stock,3
Close to You,GBP 49.46,In stock,4
Chasing Heaven: What Dying Taught Me About Living,GBP 37.80,In stock,2
Big Magic: Creative Living Beyond Fear,GBP 30.80,In stock,3
Becoming Wise: An Inquiry into the Mystery and Art of Living,GBP 27.43,In stock,2
Beauty Restored (Riley Family Legacy Novellas #3),GBP 11.11,In stock,2
Batman: The Long Halloween (Batman),GBP 36.50,In stock,2
Batman: The Dark Knight Returns (Batman),GBP 15.38,In stock,5
Ayumi's Violin,GBP 15.48,In stock,2
Anonymous,GBP 46.82,In stock,4
Amy Meets the Saints and Sages,GBP 18.46,In stock,3
Amid the Chaos,GBP 36.58,In stock,1
Amatus,GBP 50.54,In stock,5
Agnostic: A Spirited Manifesto,GBP 12.51,In stock,5
Zealot: The Life and Times of Jesus of Nazareth,GBP 24.70,In stock,3
You (You #1),GBP 43.61,In stock,5
"Wonder Woman: Earth One, Volume One (Wonder Woman: Earth One #1)",GBP 37.34,In stock,4
Wild Swans,GBP 14.36,In stock,2
Why the Right Went Wrong: Conservatism--From Goldwater to the Tea Party and Beyond,GBP 52.65,In stock,4
Whole Lotta Creativity Going On: 60 Fun and Unusual Exercises to Awaken and Strengthen Your Creativity,GBP 38.20,In stock,4
What's It Like in Space?: Stories from Astronauts Who've Been There,GBP 19.60,In stock,2
"We Are Robin, Vol. 1: The Vigilante Business (We Are Robin #1)",GBP 53.90,In stock,1
Walt Disney's Alice in Wonderland,GBP 12.96,In stock,5
V for Vendetta (V for Vendetta Complete),GBP 37.10,In stock,4
Until Friday Night (The Field Party #1),GBP 46.31,In stock,2
"Unbroken: A World War II Story of Survival, Resilience, and Redemption",GBP 45.95,In stock,2
Twenty Yawns,GBP 22.08,In stock,2
Through the Woods,GBP 25.38,In stock,2
This Is Where It Ends,GBP 27.12,In stock,2
The Year of Magical Thinking,GBP 43.04,In stock,2
The Wright Brothers,GBP 56.80,In stock,4
The White Queen (The Cousins' War #1),GBP 25.91,In stock,5
The Wedding Pact (The O'Malleys #2),GBP 32.61,In stock,3
The Time Keeper,GBP 27.88,In stock,5
The Testament of Mary,GBP 52.67,In stock,4
The Star-Touched Queen,GBP 46.02,In stock,5
The Songs of the Gods,GBP 44.48,In stock,5
The Song of Achilles,GBP 37.40,In stock,5
The Rosie Project (Don Tillman #1),GBP 54.04,In stock,1
The Power of Habit: Why We Do What We Do in Life and Business,GBP 16.88,In stock,3
The Marriage of Opposites,GBP 28.08,In stock,4
The Lucifer Effect: Understanding How Good People Turn Evil,GBP 10.40,In stock,1
The Long Haul (Diary of a Wimpy Kid #9),GBP 44.07,In stock,1
The Loney,GBP 23.40,In stock,1
The Literature Book (Big Ideas Simply Explained),GBP 17.43,In stock,3
The Last Mile (Amos Decker #2),GBP 54.21,In stock,2
The Immortal Life of Henrietta Lacks,GBP 40.67,In stock,2
The Hidden Oracle (The Trials of Apollo #1),GBP 52.26,In stock,2
The Help Yourself Cookbook for Kids: 60 Easy Plant-Based Recipes Kids Can Make to Stay Healthy and Save the Earth,GBP 28.77,In stock,3
The Guilty (Will Robie #4),GBP 13.82,In stock,2
The First Hostage (J.B. Collins #2),GBP 25.85,In stock,3
The Dovekeepers,GBP 48.78,In stock,1
The Darkest Lie,GBP 35.35,In stock,5
The Bane Chronicles (The Bane Chronicles #1-11),GBP 44.73,In stock,4
The Bad-Ass Librarians of Timbuktu: And Their Race to Save the World’s Most Precious Manuscripts,GBP 15.77,In stock,1
The 14th Colony (Cotton Malone #11),GBP 39.24,In stock,1
That Darkness (Gardiner and Renner #1),GBP 13.92,In stock,1
Tastes Like Fear (DI Marnie Rome #3),GBP 10.69,In stock,1
Take Me with You,GBP 45.21,In stock,3
Swell: A Year of Waves,GBP 45.58,In stock,1
Superman Vol. 1: Before Truth (Superman by Gene Luen Yang #1),GBP 11.89,In stock,5
Still Life with Bread Crumbs,GBP 26.41,In stock,3
Steve Jobs,GBP 39.50,In stock,5
Sorting the Beef from the Bull: The Science of Food Fraud Forensics,GBP 44.74,In stock,4
Someone Like You (The Harrisons #2),GBP 52.79,In stock,5
"So Cute It Hurts!!, Vol. 6 (So Cute It Hurts!! #6)",GBP 35.43,In stock,4
Shtum,GBP 55.84,In stock,4
See America: A Celebration of Our National Parks & Treasured Sites,GBP 48.87,In stock,3
salt.,GBP 46.78,In stock,4
Robin War,GBP 47.82,In stock,3
"Red Hood/Arsenal, Vol. 1: Open for Business (Red Hood/Arsenal #1)",GBP 25.48,In stock,2
Rain Fish,GBP 23.57,In stock,3
"Quarter Life Poetry: Poems for the Young, Broke and Hangry",GBP 50.89,In stock,5
Pet Sematary,GBP 10.56,In stock,3
"Overload: How to Unplug, Unwind, and Unleash Yourself from the Pressure of Stress",GBP 52.15,In stock,3
Once Was a Time,GBP 18.28,In stock,2
Old School (Diary of a Wimpy Kid #10),GBP 11.83,In stock,5
No Dream Is Too High: Life Lessons From a Man Who Walked on the Moon,GBP 21.95,In stock,2
"Naruto (3-in-1 Edition), Vol. 14: Includes Vols. 40, 41 & 42 (Naruto: Omnibus #14)",GBP 38.39,In stock,2
My Name Is Lucy Barton,GBP 41.56,In stock,1
My Mrs. Brown,GBP 24.48,In stock,3
My Kind of Crazy,GBP 40.36,In stock,1
Mr. Mercedes (Bill Hodges Trilogy #1),GBP 28.90,In stock,1
More Than Music (Chasing the Dream #1),GBP 37.61,In stock,2
Made to Stick: Why Some Ideas Survive and Others Die,GBP 38.85,In stock,5
Luis Paints the World,GBP 53.95,In stock,3
Luckiest Girl Alive,GBP 49.83,In stock,3
Lowriders to the Center of the Earth (Lowriders in Space #2),GBP 51.51,In stock,2
Love Is a Mix Tape (Music #1),GBP 18.03,In stock,1
Looking for Lovely: Collecting the Moments that Matter,GBP 29.14,In stock,5
"Living Leadership by Insight: A Good Leader Achieves, a Great Leader Builds Monuments",GBP 46.91,In stock,4
Let It Out: A Journey Through Journaling,GBP 26.79,In stock,5
Lady Midnight (The Dark Artifices #1),GBP 16.28,In stock,5
"It's All Easy: Healthy, Delicious Weeknight Meals in under 30 Minutes",GBP 19.55,In stock,1
Island of Dragons (Unwanteds #7),GBP 29.65,In stock,1
I Know What I'm Doing -- and Other Lies I Tell Myself: Dispatches from a Life Under Construction,GBP 25.98,In stock,4
I Am Pilgrim (Pilgrim #1),GBP 10.60,In stock,4
"Hyperbole and a Half: Unfortunate Situations, Flawed Coping Mechanisms, Mayhem, and Other Things That Happened",GBP 14.75,In stock,5
"Hush, Hush (Hush, Hush #1)",GBP 47.02,In stock,3
Hold Your Breath (Search and Rescue #1),GBP 28.82,In stock,1
Hamilton: The Revolution,GBP 58.79,In stock,3
Greek Mythic History,GBP 10.23,In stock,5
God: The Most Unpleasant Character in All Fiction,GBP 30.03,In stock,5
Glory over Everything: Beyond The Kitchen House,GBP 45.84,In stock,3
Feathers: Displays of Brilliant Plumage,GBP 49.05,In stock,3
"Far & Away: Places on the Brink of Change: Seven Continents, Twenty-Five Years",GBP 15.06,In stock,4
Every Last Word,GBP 46.47,In stock,3
Eligible (The Austen Project #4),GBP 27.09,In stock,3
El Deafo,GBP 57.62,In stock,5
Eight Hundred Grapes,GBP 14.39,In stock,4
"Eaternity: More than 150 Deliciously Easy Vegan Recipes for a Long, Healthy, Satisfied, Joyful Life",GBP 51.75,In stock,5
"Eat Fat, Get Thin",GBP 54.07,In stock,2
Don't Get Caught,GBP 55.35,In stock,1
Doctor Sleep (The Shining #2),GBP 40.12,In stock,2
Demigods & Magicians: Percy and Annabeth Meet the Kanes (Percy Jackson & Kane Chronicles Crossover #1-3),GBP 37.51,In stock,5
Dear Mr. Knightley,GBP 11.21,In stock,5
Daily Fantasy Sports,GBP 36.58,In stock,1
Crazy Love: Overwhelmed by a Relentless God,GBP 47.72,In stock,2
Cometh the Hour (The Clifton Chronicles #6),GBP 25.01,In stock,3
Code Name Verity (Code Name Verity #1),GBP 22.13,In stock,4
Clockwork Angel (The Infernal Devices #1),GBP 44.14,In stock,1
City of Glass (The Mortal Instruments #3),GBP 56.02,In stock,4
City of Fallen Angels (The Mortal Instruments #4),GBP 11.23,In stock,4
City of Bones (The Mortal Instruments #1),GBP 43.28,In stock,1
City of Ashes (The Mortal Instruments #2),GBP 47.27,In stock,1
Cell,GBP 20.29,In stock,4
Catching Jordan (Hundred Oaks),GBP 50.83,In stock,3
"Carry On, Warrior: Thoughts on Life Unarmed",GBP 31.85,In stock,3
Carrie,GBP 46.23,In stock,2
Buying In: The Secret Dialogue Between What We Buy and Who We Are,GBP 37.80,In stock,4
Brain on Fire: My Month of Madness,GBP 49.32,In stock,5
Batman: Europa,GBP 32.01,In stock,2
Barefoot Contessa Back to Basics,GBP 28.01,In stock,1
Barefoot Contessa at Home: Everyday Recipes You'll Make Over and Over Again,GBP 50.62,In stock,5
Balloon Animals,GBP 17.03,In stock,3
Art Ops Vol. 1,GBP 48.80,In stock,3
Aristotle and Dante Discover the Secrets of the Universe (Aristotle and Dante Discover the Secrets of the Universe #1),GBP 58.14,In stock,4
Angels Walking (Angels Walking #1),GBP 34.20,In stock,2
Angels & Demons (Robert Langdon #1),GBP 51.48,In stock,3
All the Light We Cannot See,GBP 29.87,In stock,5
"Adulthood Is a Myth: A ""Sarah's Scribbles"" Collection",GBP 10.90,In stock,2
Abstract City,GBP 56.37,In stock,5
A Time of Torment (Charlie Parker #14),GBP 48.35,In stock,5
A Study in Scarlet (Sherlock Holmes #1),GBP 16.73,In stock,2
"A Series of Catastrophes and Miracles: A True Story of Love, Science, and Cancer",GBP 56.48,In stock,2
A People's History of the United States,GBP 40.79,In stock,2
A Man Called Ove,GBP 39.72,In stock,1
A Distant Mirror: The Calamitous 14th Century,GBP 14.58,In stock,3
A Brush of Wings (Angels Walking #3),GBP 55.51,In stock,1
1491: New Revelations of the Americas Before Columbus,GBP 21.80,In stock,3
"The Three Searches, Meaning, and the Story",GBP 13.33,In stock,3
Searching for Meaning in Gailana,GBP 38.73,In stock,1
Rook,GBP 37.86,In stock,4
My Kitchen Year: 136 Recipes That Saved My Life,GBP 11.53,In stock,2
13 Hours: The Inside Account of What Really Happened In Benghazi,GBP 27.06,In stock,1
Will You Won't You Want Me?,GBP 13.86,In stock,3
Tipping Point for Planet Earth: How Close Are We to the Edge?,GBP 37.55,In stock,1
The Star-Touched Queen,GBP 32.30,In stock,5
The Silent Sister (Riley MacPherson #1),GBP 46.29,In stock,5
The Midnight Watch: A Novel of the Titanic and the Californian,GBP 26.20,In stock,1
The Lonely City: Adventures in the Art of Being Alone,GBP 33.26,In stock,2
The Gray Rhino: How to Recognize and Act on the Obvious Dangers We Ignore,GBP 59.15,In stock,4
The Golden Condom: And Other Essays on Love Lost and Found,GBP 39.43,In stock,1
The Epidemic (The Program 0.6),GBP 14.44,In stock,5
The Dinner Party,GBP 56.54,In stock,2
The Diary of a Young Girl,GBP 59.90,In stock,3
The Children,GBP 11.88,In stock,3
Stars Above (The Lunar Chronicles #4.5),GBP 48.05,In stock,2
Snatched: How A Drug Queen Went Undercover for the DEA and Was Kidnapped By Colombian Guerillas,GBP 21.21,In stock,3
Raspberry Pi Electronics Projects for the Evil Genius,GBP 49.67,In stock,4
Quench Your Own Thirst: Business Lessons Learned Over a Beer or Two,GBP 43.14,In stock,1
Psycho: Sanitarium (Psycho #1.5),GBP 36.97,In stock,5
Poisonous (Max Revere Novels #3),GBP 26.80,In stock,3
One with You (Crossfire #5),GBP 15.71,In stock,4
No Love Allowed (Dodge Cove #1),GBP 54.65,In stock,4
Murder at the 42nd Street Library (Raymond Ambler #1),GBP 54.36,In stock,4
Most Wanted,GBP 35.28,In stock,3
"Love, Lies and Spies",GBP 20.55,In stock,2
How to Speak Golf: An Illustrated Guide to Links Lingo,GBP 58.32,In stock,5
Hide Away (Eve Duncan #20),GBP 11.84,In stock,1
Furiously Happy: A Funny Book About Horrible Things,GBP 41.46,In stock,4
Everyday Italian: 125 Simple and Delicious Recipes,GBP 20.10,In stock,5
Equal Is Unfair: America's Misguided Fight Against Income Inequality,GBP 56.86,In stock,1
Eleanor & Park,GBP 56.51,In stock,5
Dirty (Dive Bar #1),GBP 40.83,In stock,4
Can You Keep a Secret? (Fear Street Relaunch #4),GBP 48.64,In stock,1
Boar Island (Anna Pigeon #19),GBP 59.48,In stock,3
A Paris Apartment,GBP 39.01,In stock,4
"A la Mode: 120 Recipes in 60 Pairings: Pies, Tarts, Cakes, Crisps, and More Topped with Ice Cream, Gelato, Frozen Custard, and More",GBP 38.77,In stock,1
Troublemaker: Surviving Hollywood and Scientology,GBP 48.39,In stock,2
The Widow,GBP 27.26,In stock,2
"The Sleep Revolution: Transforming Your Life, One Night at a Time",GBP 11.68,In stock,4
The Improbability of Love,GBP 59.45,In stock,1
The Art of Startup Fundraising,GBP 21.00,In stock,3
Take Me Home Tonight (Rock Star Romance #3),GBP 53.98,In stock,3
Sleeping Giants (Themis Files #1),GBP 48.74,In stock,1
"Setting the World on Fire: The Brief, Astonishing Life of St. Catherine of Siena",GBP 21.15,In stock,2
Playing with Fire,GBP 13.71,In stock,3
Off the Hook (Fishing for Trouble #1),GBP 47.67,In stock,3
Mothering Sunday,GBP 13.34,In stock,2
"Mother, Can You Not?",GBP 16.89,In stock,5
M Train,GBP 27.18,In stock,1
Lilac Girls,GBP 17.28,In stock,2
Lies and Other Acts of Love,GBP 45.14,In stock,1
Lab Girl,GBP 40.85,In stock,1
Keep Me Posted,GBP 20.46,In stock,4
It Didn't Start with You: How Inherited Family Trauma Shapes Who We Are and How to End the Cycle,GBP 56.27,In stock,3
Grey (Fifty Shades #4),GBP 48.49,In stock,4
"Exit, Pursued by a Bear",GBP 51.34,In stock,4
Daredevils,GBP 16.34,In stock,3
Cravings: Recipes for What You Want to Eat,GBP 20.50,In stock,3
Born for This: How to Find the Work You Were Meant to Do,GBP 21.59,In stock,5
Arena,GBP 21.36,In stock,4
Adultery,GBP 20.88,In stock,5
A Mother's Reckoning: Living in the Aftermath of Tragedy,GBP 19.53,In stock,3
A Gentleman's Position (Society of Gentlemen #3),GBP 14.75,In stock,5
11/22/63,GBP 48.48,In stock,3
"10% Happier: How I Tamed the Voice in My Head, Reduced Stress Without Losing My Edge, and Found Self-Help That Actually Works",GBP 24.57,In stock,2
10-Day Green Smoothie Cleanse: Lose Up to 15 Pounds in 10 Days!,GBP 49.71,In stock,5
Without Shame,GBP 48.27,In stock,5
Watchmen,GBP 58.05,In stock,4
Unlimited Intuition Now,GBP 58.87,In stock,4
Underlying Notes,GBP 11.82,In stock,2
The Shack,GBP 28.03,In stock,1
The New Brand You: Your New Image Makes the Sale for You,GBP 44.05,In stock,5
"The Moosewood Cookbook: Recipes from Moosewood Restaurant, Ithaca, New York",GBP 12.34,In stock,4
The Flowers Lied,GBP 16.68,In stock,2
"The Fabric of the Cosmos: Space, Time, and the Texture of Reality",GBP 55.91,In stock,1
The Book of Mormon,GBP 24.57,In stock,3
The Art and Science of Low Carbohydrate Living,GBP 52.98,In stock,5
The Alien Club,GBP 54.40,In stock,1
Suzie Snowflake: One beautiful flake (a self-esteem story),GBP 54.81,In stock,5
Nap-a-Roo,GBP 25.08,In stock,1
"NaNo What Now? Finding your editing process, revising your NaNoWriMo book and building a writing career through publishing and beyond",GBP 10.41,In stock,4
Modern Day Fables,GBP 47.44,In stock,2
If I Gave You God's Phone Number....: Searching for Spirituality in America,GBP 20.91,In stock,1
"Fruits Basket, Vol. 9 (Fruits Basket #9)",GBP 33.95,In stock,4
Dress Your Family in Corduroy and Denim,GBP 43.68,In stock,3
Don't Forget Steven,GBP 33.23,In stock,1
Chernobyl 01:23:40: The Incredible True Story of the World's Worst Nuclear Disaster,GBP 35.92,In stock,2
Art and Fear: Observations on the Perils (and Rewards) of Artmaking,GBP 48.63,In stock,4
A Shard of Ice (The Black Symphony Saga #1),GBP 56.63,In stock,3
A Hero's Curse (The Unseen Chronicles #1),GBP 50.49,In stock,3
23 Degrees South: A Tropical Tale of Changing Whether...,GBP 35.79,In stock,2
"Zero to One: Notes on Startups, or How to Build the Future",GBP 34.06,In stock,3
Why Not Me?,GBP 17.76,In stock,1
When Breath Becomes Air,GBP 39.36,In stock,2
Vagabonding: An Uncommon Guide to the Art of Long-Term World Travel,GBP 36.94,In stock,2
The Unlikely Pilgrimage of Harold Fry (Harold Fry #1),GBP 43.62,In stock,5
The New Drawing on the Right Side of the Brain,GBP 43.02,In stock,3
"The Midnight Assassin: Panic, Scandal, and the Hunt for America's First Serial Killer",GBP 28.45,In stock,4
The Martian (The Martian #1),GBP 41.39,In stock,2
The High Mountains of Portugal,GBP 51.15,In stock,1
The Grownup,GBP 35.88,In stock,1
The E-Myth Revisited: Why Most Small Businesses Don't Work and What to Do About It,GBP 36.91,In stock,1
South of Sunshine,GBP 28.93,In stock,1
Smarter Faster Better: The Secrets of Being Productive in Life and Business,GBP 38.89,In stock,5
Silence in the Dark (Logan Point #4),GBP 58.33,In stock,3
Shadows of the Past (Logan Point #1),GBP 39.67,In stock,5
Roller Girl,GBP 14.10,In stock,5
Rising Strong,GBP 21.82,In stock,3
Proofs of God: Classical Arguments from Tertullian to Barth,GBP 54.21,In stock,1
Please Kill Me: The Uncensored Oral History of Punk,GBP 31.19,In stock,4
Out of Print: City Lights Spotlight No. 14,GBP 53.64,In stock,5
My Life Next Door (My Life Next Door ),GBP 36.39,In stock,5
Miller's Valley,GBP 58.54,In stock,2
Man's Search for Meaning,GBP 29.48,In stock,3
"Love That Boy: What Two Presidents, Eight Road Trips, and My Son Taught Me About a Parent's Expectations",GBP 25.06,In stock,2
Living Forward: A Proven Plan to Stop Drifting and Get the Life You Want,GBP 12.55,In stock,3
Les Fleurs du Mal,GBP 29.04,In stock,5
Left Behind (Left Behind #1),GBP 40.72,In stock,2
Kill 'Em and Leave: Searching for James Brown and the American Soul,GBP 45.05,In stock,5
Kierkegaard: A Christian Missionary to Christians,GBP 47.13,In stock,1
John Vassos: Industrial Design for Modern Life,GBP 20.22,In stock,4
I'll Give You the Sun,GBP 56.48,In stock,1
I Will Find You,GBP 44.21,In stock,1
Hystopia: A Novel,GBP 21.96,In stock,4
Howl and Other Poems,GBP 40.45,In stock,2
History of Beauty,GBP 10.29,In stock,4
Heaven is for Real: A Little Boy's Astounding Story of His Trip to Heaven and Back,GBP 52.86,In stock,2
Future Shock (Future Shock #1),GBP 55.65,In stock,5
Ender's Game (The Ender Quintet #1),GBP 43.64,In stock,1
Diary of a Citizen Scientist: Chasing Tiger Beetles and Other New Ways of Engaging the World,GBP 28.41,In stock,1
Death by Leisure: A Cautionary Tale,GBP 37.51,In stock,4
Brilliant Beacons: A History of the American Lighthouse,GBP 11.45,In stock,3
Brazen: The Courage to Find the You That's Been Hiding,GBP 19.22,In stock,2
Between the World and Me,GBP 56.91,In stock,4
Being Mortal: Medicine and What Matters in the End,GBP 55.06,In stock,4
"A Murder Over a Girl: Justice, Gender, Junior High",GBP 13.20,In stock,3
32 Yolks,GBP 53.63,In stock,2
"""Most Blessed of the Patriarchs"": Thomas Jefferson and the Empire of the Imagination",GBP 44.48,In stock,5
You Are a Badass: How to Stop Doubting Your Greatness and Start Living an Awesome Life,GBP 12.08,In stock,3
Wildlife of New York: A Five-Borough Coloring Book,GBP 22.14,In stock,2
What Happened on Beale Street (Secrets of the South Mysteries #2),GBP 25.37,In stock,5
Unreasonable Hope: Finding Faith in the God Who Brings Purpose to Your Pain,GBP 46.33,In stock,2
Under the Tuscan Sun,GBP 37.33,In stock,3
Toddlers Are A**holes: It's Not Your Fault,GBP 25.55,In stock,1
The Year of Living Biblically: One Man's Humble Quest to Follow the Bible as Literally as Possible,GBP 34.72,In stock,1
The Whale,GBP 35.96,In stock,4
The Story of Art,GBP 41.14,In stock,4
The Origin of Species,GBP 10.01,In stock,4
The Great Gatsby,GBP 36.05,In stock,4
The Good Girl,GBP 49.03,In stock,3
The Glass Castle,GBP 16.24,In stock,1
The Faith of Christopher Hitchens: The Restless Soul of the World's Most Notorious Atheist,GBP 39.55,In stock,1
The Drowning Girls,GBP 35.67,In stock,3
The Constant Princess (The Tudor Court #1),GBP 16.62,In stock,3
The Bourne Identity (Jason Bourne #1),GBP 42.78,In stock,4
The Bachelor Girl's Guide to Murder (Herringford and Watts Mysteries #1),GBP 52.30,In stock,5
The Art Book,GBP 32.34,In stock,2
The 7 Habits of Highly Effective People: Powerful Lessons in Personal Change,GBP 33.17,In stock,4
Team of Rivals: The Political Genius of Abraham Lincoln,GBP 20.12,In stock,5
Steal Like an Artist: 10 Things Nobody Told You About Being Creative,GBP 20.90,In stock,2
"Sit, Stay, Love",GBP 20.90,In stock,3
Sister Dear,GBP 40.20,In stock,4
"Shrunken Treasures: Literary Classics, Short, Sweet, and Silly",GBP 52.87,In stock,3
"Rich Dad, Poor Dad",GBP 51.74,In stock,1
Raymie Nightingale,GBP 34.41,In stock,2
Playing from the Heart,GBP 32.38,In stock,1
Nightstruck: A Novel,GBP 50.35,In stock,4
"Naturally Lean: 125 Nourishing Gluten-Free, Plant-Based Recipes--All Under 300 Calories",GBP 11.38,In stock,5
Meternity,GBP 43.58,In stock,3
Memoirs of a Geisha,GBP 49.67,In stock,3
Like Never Before (Walker Family #2),GBP 28.77,In stock,2
Life of Pi,GBP 13.22,In stock,4
Leave This Song Behind: Teen Poetry at Its Best,GBP 51.17,In stock,5
King's Folly (The Kinsman Chronicles #1),GBP 39.61,In stock,5
John Adams,GBP 57.43,In stock,4
How to Cook Everything Vegetarian: Simple Meatless Recipes for Great Food (How to Cook Everything),GBP 46.01,In stock,4
How to Be a Domestic Goddess: Baking and the Art of Comfort Cooking,GBP 28.25,In stock,2
Good in Bed (Cannie Shapiro #1),GBP 37.05,In stock,5
"Fruits Basket, Vol. 7 (Fruits Basket #7)",GBP 19.57,In stock,1
For the Love: Fighting for Grace in a World of Impossible Standards,GBP 45.13,In stock,3
Finding God in the Ruins: How God Redeems Pain,GBP 46.64,In stock,2
Every Heart a Doorway (Every Heart A Doorway #1),GBP 12.16,In stock,5
Delivering the Truth (Quaker Midwife Mystery #1),GBP 20.89,In stock,4
Counted With the Stars (Out from Egypt #1),GBP 17.97,In stock,5
"Chronicles, Vol. 1",GBP 52.60,In stock,2
Blue Like Jazz: Nonreligious Thoughts on Christian Spirituality,GBP 25.77,In stock,1
Benjamin Franklin: An American Life,GBP 48.19,In stock,3
"At The Existentialist Café: Freedom, Being, and apricot cocktails with: Jean-Paul Sartre, Simone de Beauvoir, Albert Camus, Martin Heidegger, Edmund Husserl, Karl Jaspers, Maurice Merleau-Ponty and others",GBP 29.93,In stock,5
A Summer In Europe,GBP 44.34,In stock,2
A Short History of Nearly Everything,GBP 52.40,In stock,5
A Gathering of Shadows (Shades of Magic #2),GBP 44.81,In stock,4
The Sound Of Love,GBP 57.84,In stock,5
The Rise and Fall of the Third Reich: A History of Nazi Germany,GBP 39.67,In stock,2
The Perks of Being a Wallflower,GBP 55.02,In stock,3
The Mysterious Affair at Styles (Hercule Poirot #1),GBP 24.80,In stock,4
The Man Who Mistook His Wife for a Hat and Other Clinical Tales,GBP 59.45,In stock,4
The Makings of a Fatherless Child,GBP 31.58,In stock,2
The Joy of Cooking,GBP 43.27,In stock,4
The Invention of Wings,GBP 37.34,In stock,1
The Hobbit (Middle-Earth Universe),GBP 17.80,In stock,5
The Great Railway Bazaar,GBP 30.54,In stock,1
The Golden Compass (His Dark Materials #1),GBP 18.77,In stock,1
The God Delusion,GBP 46.85,In stock,3
The Girl You Left Behind (The Girl You Left Behind #1),GBP 15.79,In stock,1
The Fellowship of the Ring (The Lord of the Rings #1),GBP 10.27,In stock,2
The Collected Poems of W.B. Yeats (The Collected Works of W.B. Yeats #1),GBP 15.42,In stock,5
The Barefoot Contessa Cookbook,GBP 59.92,In stock,5
Tell the Wolves I'm Home,GBP 50.96,In stock,2
Ship Leaves Harbor: Essays on Travel by a Recovering Journeyman,GBP 30.60,In stock,3
Pride and Prejudice,GBP 19.27,In stock,4
Musicophilia: Tales of Music and the Brain,GBP 46.58,In stock,1
Mere Christianity,GBP 48.51,In stock,3
Me Before You (Me Before You #1),GBP 19.02,In stock,1
In the Woods (Dublin Murder Squad #1),GBP 38.38,In stock,2
In Cold Blood,GBP 49.98,In stock,4
How to Stop Worrying and Start Living,GBP 46.49,In stock,5
Give It Back,GBP 18.32,In stock,2
"Girl, Interrupted",GBP 42.14,In stock,3
Fun Home: A Family Tragicomic,GBP 56.59,In stock,4
"Fruits Basket, Vol. 6 (Fruits Basket #6)",GBP 20.96,In stock,4
Deception Point,GBP 40.32,In stock,4
"Death Note, Vol. 6: Give-and-Take (Death Note #6)",GBP 36.39,In stock,3
Catherine the Great: Portrait of a Woman,GBP 58.55,In stock,4
Better Homes and Gardens New Cook Book,GBP 39.61,In stock,3
An Unquiet Mind: A Memoir of Moods and Madness,GBP 21.30,In stock,3
A Year in Provence (Provence #1),GBP 56.88,In stock,4
World Without End (The Pillars of the Earth #2),GBP 32.97,In stock,4
"Will Grayson, Will Grayson (Will Grayson, Will Grayson)",GBP 47.31,In stock,4
Why Save the Bankers?: And Other Essays on Our Economic and Political Crisis,GBP 48.67,In stock,2
Where She Went (If I Stay #2),GBP 41.73,In stock,4
What If?: Serious Scientific Answers to Absurd Hypothetical Questions,GBP 53.68,In stock,4
Two Summers,GBP 14.64,In stock,1
This Is Your Brain on Music: The Science of a Human Obsession,GBP 38.40,In stock,1
The Secret Garden,GBP 15.08,In stock,4
The Raven King (The Raven Cycle #4),GBP 30.57,In stock,2
The Raven Boys (The Raven Cycle #1),GBP 57.74,In stock,4
The Power Greens Cookbook: 140 Delicious Superfood Recipes,GBP 11.05,In stock,5
The Metamorphosis,GBP 28.58,In stock,1
The Mathews Men: Seven Brothers and the War Against Hitler's U-boats,GBP 42.91,In stock,5
The Little Paris Bookshop,GBP 24.73,In stock,3
The Hiding Place,GBP 55.91,In stock,4
The Grand Design,GBP 13.76,In stock,3
The Firm,GBP 45.56,In stock,3
The Fault in Our Stars,GBP 47.22,In stock,1
The False Prince (The Ascendance Trilogy #1),GBP 56.00,In stock,5
The Expatriates,GBP 44.58,In stock,2
The Dream Thieves (The Raven Cycle #2),GBP 34.50,In stock,1
The Darkest Corners,GBP 11.33,In stock,5
The Crossover,GBP 38.77,In stock,4
The 5th Wave (The 5th Wave #1),GBP 11.83,In stock,2
Tell the Wind and Fire,GBP 45.51,In stock,3
Tell Me Three Things,GBP 41.81,In stock,1
Talking to Girls About Duran Duran: One Young Man's Quest for True Love and a Cooler Haircut,GBP 25.15,In stock,4
Siddhartha,GBP 34.22,In stock,5
Shiver (The Wolves of Mercy Falls #1),GBP 16.23,In stock,5
Remember Me?,GBP 11.48,In stock,3
Red Dragon (Hannibal Lecter #1),GBP 23.37,In stock,3
Peak: Secrets from the New Science of Expertise,GBP 16.28,In stock,2
My Mother Was Nuts,GBP 31.63,In stock,4
Mexican Today: New and Rediscovered Recipes for Contemporary Kitchens,GBP 24.91,In stock,5
Maybe Something Beautiful: How Art Transformed a Neighborhood,GBP 22.54,In stock,1
Lola and the Boy Next Door (Anna and the French Kiss #2),GBP 23.63,In stock,4
Logan Kade (Fallen Crest High #5.5),GBP 13.12,In stock,2
Last One Home (New Beginnings #1),GBP 59.98,In stock,3
Killing Floor (Jack Reacher #1),GBP 31.49,In stock,4
Kill the Boy Band,GBP 15.52,In stock,5
Isla and the Happily Ever After (Anna and the French Kiss #3),GBP 48.13,In stock,5
If I Stay (If I Stay #1),GBP 38.13,In stock,5
I Know Why the Caged Bird Sings (Maya Angelou's Autobiography #1),GBP 36.55,In stock,2
Harry Potter and the Deathly Hallows (Harry Potter #7),GBP 23.32,In stock,1
"Fruits Basket, Vol. 5 (Fruits Basket #5)",GBP 16.33,In stock,1
Foundation (Foundation (Publication Order) #1),GBP 32.42,In stock,1
Fool Me Once,GBP 16.96,In stock,1
Find Her (Detective D.D. Warren #8),GBP 22.37,In stock,1
Evicted: Poverty and Profit in the American City,GBP 42.27,In stock,1
Drama,GBP 38.70,In stock,2
Dracula the Un-Dead,GBP 35.63,In stock,5
Digital Fortress,GBP 58.00,In stock,5
"Death Note, Vol. 5: Whiteout (Death Note #5)",GBP 52.41,In stock,1
"Data, A Love Story: How I Gamed Online Dating to Meet My Match",GBP 32.35,In stock,3
Critique of Pure Reason,GBP 20.75,In stock,1
Booked,GBP 17.49,In stock,5
"Blue Lily, Lily Blue (The Raven Cycle #3)",GBP 34.13,In stock,5
Approval Junkie: Adventures in Caring Too Much,GBP 58.81,In stock,5
An Abundance of Katherines,GBP 10.00,In stock,5
America's War for the Greater Middle East: A Military History,GBP 51.22,In stock,2
Alight (The Generations Trilogy #2),GBP 58.59,In stock,4
A Girl's Guide to Moving On (New Beginnings #2),GBP 31.30,In stock,1
A Game of Thrones (A Song of Ice and Fire #1),GBP 46.42,In stock,2
A Feast for Crows (A Song of Ice and Fire #4),GBP 17.21,In stock,4
A Clash of Kings (A Song of Ice and Fire #2),GBP 10.79,In stock,3
Vogue Colors A to Z: A Fashion Coloring Book,GBP 52.35,In stock,4
The Shining (The Shining #1),GBP 27.88,In stock,3
The Pilgrim's Progress,GBP 50.26,In stock,2
The Perfect Play (Play by Play #1),GBP 59.99,In stock,3
The Passion of Dolssa,GBP 28.32,In stock,5
The Jazz of Physics: The Secret Link Between Music and the Structure of the Universe,GBP 38.71,In stock,3
The Hunger Games (The Hunger Games #1),GBP 29.85,In stock,5
The Hound of the Baskervilles (Sherlock Holmes #5),GBP 14.82,In stock,2
The Gunning of America: Business and the Making of American Gun Culture,GBP 16.81,In stock,4
The Geography of Bliss: One Grump's Search for the Happiest Places in the World,GBP 28.23,In stock,2
The Demonists (Demonist #1),GBP 52.11,In stock,2
"The Demon Prince of Momochi House, Vol. 4 (The Demon Prince of Momochi House #4)",GBP 27.88,In stock,2
The Bone Hunters (Lexy Vaughan & Steven Macaulay #2),GBP 59.71,In stock,3
The Beast (Black Dagger Brotherhood #14),GBP 46.08,In stock,5
Some Women,GBP 13.73,In stock,5
Shopaholic Ties the Knot (Shopaholic #3),GBP 48.39,In stock,5
Paper and Fire (The Great Library #2),GBP 49.45,In stock,5
Outlander (Outlander #1),GBP 19.67,In stock,5
"Orchestra of Exiles: The Story of Bronislaw Huberman, the Israel Philharmonic, and the One Thousand Jews He Saved from Nazi Horrors",GBP 12.36,In stock,3
No One Here Gets Out Alive,GBP 20.02,In stock,5
Night Shift (Night Shift #1-20),GBP 12.75,In stock,4
Needful Things,GBP 47.51,In stock,4
Mockingjay (The Hunger Games #3),GBP 20.44,In stock,4
Misery,GBP 34.79,In stock,2
Little Women (Little Women #1),GBP 28.07,In stock,4
It,GBP 25.01,In stock,3
Harry Potter and the Sorcerer's Stone (Harry Potter #1),GBP 13.90,In stock,3
Harry Potter and the Prisoner of Azkaban (Harry Potter #3),GBP 24.17,In stock,4
Harry Potter and the Order of the Phoenix (Harry Potter #5),GBP 31.63,In stock,4
Harry Potter and the Half-Blood Prince (Harry Potter #6),GBP 48.75,In stock,5
Harry Potter and the Chamber of Secrets (Harry Potter #2),GBP 14.74,In stock,1
Gone with the Wind,GBP 32.49,In stock,3
God Is Not Great: How Religion Poisons Everything,GBP 27.80,In stock,1
Girl With a Pearl Earring,GBP 26.77,In stock,1
"Fruits Basket, Vol. 4 (Fruits Basket #4)",GBP 50.44,In stock,4
Far From True (Promise Falls Trilogy #2),GBP 34.93,In stock,2
Dark Lover (Black Dagger Brotherhood #1),GBP 12.87,In stock,1
Confessions of a Shopaholic (Shopaholic #1),GBP 48.94,In stock,2
Changing the Game (Play by Play #2),GBP 13.38,In stock,3
Candide,GBP 58.63,In stock,3
Can You Keep a Secret?,GBP 21.94,In stock,1
Atlas Shrugged,GBP 26.58,In stock,5
Animal Farm,GBP 57.22,In stock,3
A Walk to Remember,GBP 56.43,In stock,1
A New Earth: Awakening to Your Life's Purpose,GBP 55.65,In stock,5
"A History of God: The 4,000-Year Quest of Judaism, Christianity, and Islam",GBP 27.62,In stock,1
'Salem's Lot,GBP 49.56,In stock,4
Zero History (Blue Ant #3),GBP 34.77,In stock,1
Wuthering Heights,GBP 17.73,In stock,3
World War Z: An Oral History of the Zombie War,GBP 21.80,In stock,1
Wild: From Lost to Found on the Pacific Crest Trail,GBP 46.02,In stock,3
"Where'd You Go, Bernadette",GBP 18.13,In stock,1
When You Are Engulfed in Flames,GBP 30.89,In stock,5
We the People: The Modern-Day Figures Who Have Reshaped and Affirmed the Founding Fathers' Vision of America,GBP 31.95,In stock,3
We Are All Completely Beside Ourselves,GBP 24.04,In stock,1
Walk the Edge (Thunder Road #2),GBP 32.36,In stock,3
Voyager (Outlander #3),GBP 21.07,In stock,5
Very Good Lives: The Fringe Benefits of Failure and the Importance of Imagination,GBP 50.66,In stock,3
Vegan Vegetarian Omnivore: Dinner for Everyone at the Table,GBP 13.66,In stock,2
"Unstuffed: Decluttering Your Home, Mind, and Soul",GBP 58.09,In stock,1
Under the Banner of Heaven: A Story of Violent Faith,GBP 30.00,In stock,1
Two Boys Kissing,GBP 32.74,In stock,2
Twilight (Twilight #1),GBP 41.93,In stock,2
Twenties Girl,GBP 42.80,In stock,2
"Trespassing Across America: One Man's Epic, Never-Done-Before (and Sort of Illegal) Hike Across the Heartland",GBP 53.51,In stock,1
Three-Martini Lunch,GBP 23.21,In stock,3
"Thinking, Fast and Slow",GBP 21.14,In stock,1
The Wild Robot,GBP 56.07,In stock,3
"The Wicked + The Divine, Vol. 3: Commercial Suicide (The Wicked + The Divine)",GBP 14.41,In stock,3
The Undomestic Goddess,GBP 45.75,In stock,4
The Travelers,GBP 15.77,In stock,1
The Tipping Point: How Little Things Can Make a Big Difference,GBP 10.02,In stock,2
The Thing About Jellyfish,GBP 48.77,In stock,1
The Stand,GBP 57.86,In stock,2
The Smitten Kitchen Cookbook,GBP 23.59,In stock,1
The Silkworm (Cormoran Strike #2),GBP 23.05,In stock,5
"The Sandman, Vol. 3: Dream Country (The Sandman (volumes) #3)",GBP 55.55,In stock,5
The Rose & the Dagger (The Wrath and the Dawn #2),GBP 58.64,In stock,4
The Road to Little Dribbling: Adventures of an American in Britain (Notes From a Small Island #2),GBP 23.21,In stock,1
The Rise of Theodore Roosevelt (Theodore Roosevelt #1),GBP 42.57,In stock,3
The Restaurant at the End of the Universe (Hitchhiker's Guide to the Galaxy #2),GBP 10.92,In stock,1
The Rest Is Noise: Listening to the Twentieth Century,GBP 34.77,In stock,1
The Red Tent,GBP 35.66,In stock,5
The Purpose Driven Life: What on Earth Am I Here for?,GBP 37.19,In stock,3
The Purest Hook (Second Circle Tattoos #3),GBP 12.25,In stock,1
The Picture of Dorian Gray,GBP 29.70,In stock,2
The Paris Wife,GBP 36.80,In stock,3
The Obsession,GBP 45.43,In stock,1
The Nightingale,GBP 26.26,In stock,4
The New Guy (and Other Senior Year Distractions),GBP 44.92,In stock,3
The Nanny Diaries (Nanny #1),GBP 52.53,In stock,5
The Name of God is Mercy,GBP 37.25,In stock,2
The Maze Runner (The Maze Runner #1),GBP 20.93,In stock,1
The Lover's Dictionary,GBP 58.09,In stock,2
The Lonely Ones,GBP 43.59,In stock,5
The Lean Startup: How Today's Entrepreneurs Use Continuous Innovation to Create Radically Successful Businesses,GBP 33.92,In stock,3
The Last Painting of Sara de Vos,GBP 55.55,In stock,2
"The Land of 10,000 Madonnas",GBP 29.64,In stock,4
The Infinities,GBP 27.41,In stock,1
The Husband's Secret,GBP 52.51,In stock,5
The Hitchhiker's Guide to the Galaxy (Hitchhiker's Guide to the Galaxy #1),GBP 47.80,In stock,3
The Guns of August,GBP 14.54,In stock,2
The Guernsey Literary and Potato Peel Pie Society,GBP 49.53,In stock,1
The Goldfinch,GBP 43.58,In stock,3
The Giver (The Giver Quartet #1),GBP 12.30,In stock,1
The Girl with All the Gifts,GBP 49.47,In stock,3
The Girl Who Played with Fire (Millennium Trilogy #2),GBP 22.14,In stock,2
The Girl Who Kicked the Hornet's Nest (Millennium Trilogy #3),GBP 57.48,In stock,1
The Exiled,GBP 43.45,In stock,3
"The End of Faith: Religion, Terror, and the Future of Reason",GBP 22.13,In stock,4
"The Elegant Universe: Superstrings, Hidden Dimensions, and the Quest for the Ultimate Theory",GBP 13.03,In stock,4
"The Disappearing Spoon: And Other True Tales of Madness, Love, and the History of the World from the Periodic Table of the Elements",GBP 57.35,In stock,5
The Devil Wears Prada (The Devil Wears Prada #1),GBP 44.29,In stock,1
The Demon-Haunted World: Science as a Candle in the Dark,GBP 52.25,In stock,4
The Day the Crayons Came Home (Crayons),GBP 26.33,In stock,5
The Da Vinci Code (Robert Langdon #2),GBP 22.96,In stock,2
The Cuckoo's Calling (Cormoran Strike #1),GBP 19.21,In stock,1
The Complete Stories and Poems (The Works of Edgar Allan Poe [Cameo Edition]),GBP 26.78,In stock,4
The Complete Poems,GBP 41.32,In stock,5
The Catcher in the Rye,GBP 24.55,In stock,1
The Cat in the Hat (Beginner Books B-1),GBP 16.26,In stock,2
The Case for Christ (Cases for Christianity),GBP 47.84,In stock,1
The Book Thief,GBP 53.49,In stock,2
The Book of Basketball: The NBA According to The Sports Guy,GBP 44.84,In stock,5
The Blind Side: Evolution of a Game,GBP 53.71,In stock,5
The Autobiography of Malcolm X,GBP 23.43,In stock,2
"The Art of Simple Food: Notes, Lessons, and Recipes from a Delicious Revolution",GBP 34.32,In stock,3
The Art of Fielding,GBP 22.10,In stock,1
"Surely You're Joking, Mr. Feynman!: Adventures of a Curious Character",GBP 25.83,In stock,2
Stiff: The Curious Lives of Human Cadavers,GBP 36.74,In stock,3
Spilled Milk: Based on a True Story,GBP 49.51,In stock,1
Something Borrowed (Darcy & Rachel #1),GBP 48.96,In stock,5
Something Blue (Darcy & Rachel #2),GBP 54.62,In stock,1
Soldier (Talon #3),GBP 24.72,In stock,2
Shopaholic & Baby (Shopaholic #5),GBP 46.45,In stock,2
Seven Days in the Art World,GBP 52.33,In stock,2
Seven Brief Lessons on Physics,GBP 30.60,In stock,4
Scarlet (The Lunar Chronicles #2),GBP 14.57,In stock,4
Sarah's Key,GBP 46.29,In stock,1
"Saga, Volume 3 (Saga (Collected Editions) #3)",GBP 21.57,In stock,5
Running with Scissors,GBP 12.91,In stock,4
Rogue Lawyer (Rogue Lawyer #1),GBP 50.11,In stock,3
"Rise of the Rocket Girls: The Women Who Propelled Us, from Missiles to the Moon to Mars",GBP 41.67,In stock,4
Rework,GBP 44.88,In stock,2
Reservations for Two,GBP 11.10,In stock,3
Red: The True Story of Red Riding Hood,GBP 28.54,In stock,3
Ready Player One,GBP 19.07,In stock,4
Quiet: The Power of Introverts in a World That Can't Stop Talking,GBP 43.55,In stock,1
Prodigy: The Graphic Novel (Legend: The Graphic Novel #2),GBP 43.63,In stock,3
Persepolis: The Story of a Childhood (Persepolis #1-2),GBP 39.13,In stock,1
Packing for Mars: The Curious Science of Life in the Void,GBP 56.68,In stock,2
Outliers: The Story of Success,GBP 14.16,In stock,1
Original Fake,GBP 31.45,In stock,3
Orange Is the New Black,GBP 24.61,In stock,2
One for the Money (Stephanie Plum #1),GBP 32.87,In stock,2
Notes from a Small Island (Notes From a Small Island #1),GBP 40.17,In stock,1
Night (The Night Trilogy #1),GBP 13.51,In stock,1
Neither Here nor There: Travels in Europe,GBP 38.95,In stock,3
Naked,GBP 31.69,In stock,3
Morning Star (Red Rising #3),GBP 29.40,In stock,1
"Miracles from Heaven: A Little Girl, Her Journey to Heaven, and Her Amazing Story of Healing",GBP 57.83,In stock,1
Midnight Riot (Peter Grant/ Rivers of London - books #1),GBP 55.46,In stock,2
Me Talk Pretty One Day,GBP 57.60,In stock,2
Manuscript Found in Accra,GBP 34.98,In stock,2
Lust & Wonder,GBP 11.87,In stock,2
Lila (Gilead #3),GBP 12.47,In stock,3
"Life, the Universe and Everything (Hitchhiker's Guide to the Galaxy #3)",GBP 33.26,In stock,2
Life Without a Recipe,GBP 59.04,In stock,5
Life After Life,GBP 26.13,In stock,2
Letter to a Christian Nation,GBP 22.20,In stock,1
Let's Pretend This Never Happened: A Mostly True Memoir,GBP 45.11,In stock,1
Legend (Legend #1),GBP 43.69,In stock,4
"Lean In: Women, Work, and the Will to Lead",GBP 25.02,In stock,1
"Lamb: The Gospel According to Biff, Christ's Childhood Pal",GBP 55.50,In stock,5
Lady Renegades (Rebel Belle #3),GBP 53.04,In stock,5
Jurassic Park (Jurassic Park #1),GBP 44.97,In stock,1
It's Never Too Late to Begin Again: Discovering Creativity and Meaning at Midlife and Beyond,GBP 42.38,In stock,1
Is Everyone Hanging Out Without Me? (And Other Concerns),GBP 20.11,In stock,3
Into the Wild,GBP 56.70,In stock,5
Inferno (Robert Langdon #4),GBP 41.00,In stock,5
"In the Garden of Beasts: Love, Terror, and an American Family in Hitler's Berlin",GBP 28.85,In stock,3
If I Run (If I Run #1),GBP 49.97,In stock,4
I've Got Your Number,GBP 19.69,In stock,1
I Am Malala: The Girl Who Stood Up for Education and Was Shot by the Taliban,GBP 28.88,In stock,2
Hungry Girl Clean & Hungry: Easy All-Natural Recipes for Healthy Eating in the Real World,GBP 33.14,In stock,3
"House of Lost Worlds: Dinosaurs, Dynasties, and the Story of Life on Earth",GBP 43.70,In stock,2
House of Leaves,GBP 54.89,In stock,1
Horrible Bear!,GBP 37.52,In stock,2
Holidays on Ice,GBP 51.07,In stock,2
Heir to the Sky,GBP 44.07,In stock,4
Green Eggs and Ham (Beginner Books B-16),GBP 10.79,In stock,4
"Grayson, Vol 3: Nemesis (Grayson #3)",GBP 42.72,In stock,1
Gratitude,GBP 26.66,In stock,5
Gone Girl,GBP 37.60,In stock,5
Golden (Heart of Dread #3),GBP 42.21,In stock,4
Girl in the Blue Coat,GBP 46.83,In stock,2
"Fruits Basket, Vol. 3 (Fruits Basket #3)",GBP 45.17,In stock,2
"Friday Night Lights: A Town, a Team, and a Dream",GBP 51.22,In stock,3
Fire Bound (Sea Haven/Sisters of the Heart #5),GBP 21.28,In stock,4
Fifty Shades Freed (Fifty Shades #3),GBP 15.36,In stock,5
Fellside,GBP 38.62,In stock,1
Extreme Prey (Lucas Davenport #26),GBP 25.40,In stock,3
Eragon (The Inheritance Cycle #1),GBP 43.87,In stock,3
Eclipse (Twilight #3),GBP 18.74,In stock,1
Dune (Dune #1),GBP 54.86,In stock,1
Dracula,GBP 52.62,In stock,3
Do Androids Dream of Electric Sheep? (Blade Runner #1),GBP 51.48,In stock,1
Disrupted: My Misadventure in the Start-Up Bubble,GBP 15.28,In stock,5
Dead Wake: The Last Crossing of the Lusitania,GBP 39.24,In stock,5
"David and Goliath: Underdogs, Misfits, and the Art of Battling Giants",GBP 17.81,In stock,1
Darkfever (Fever #1),GBP 56.02,In stock,1
Dark Places,GBP 23.90,In stock,5
Crazy Rich Asians (Crazy Rich Asians #1),GBP 49.13,In stock,5
Counting Thyme,GBP 10.62,In stock,1
Cosmos,GBP 36.17,In stock,2
Civilization and Its Discontents,GBP 59.95,In stock,2
Cinder (The Lunar Chronicles #1),GBP 26.09,In stock,1
Catastrophic Happiness: Finding Joy in Childhood's Messy Years,GBP 37.35,In stock,2
Career of Evil (Cormoran Strike #3),GBP 24.72,In stock,2
Breaking Dawn (Twilight #4),GBP 35.28,In stock,5
Brave Enough,GBP 51.32,In stock,5
Boy Meets Boy,GBP 21.12,In stock,3
"Born to Run: A Hidden Tribe, Superathletes, and the Greatest Race the World Has Never Seen",GBP 27.35,In stock,2
Blink: The Power of Thinking Without Thinking,GBP 21.74,In stock,5
Black Flags: The Rise of ISIS,GBP 40.87,In stock,1
"Black Butler, Vol. 1 (Black Butler #1)",GBP 49.31,In stock,1
Big Little Lies,GBP 22.11,In stock,1
Between Shades of Gray,GBP 20.79,In stock,5
Best of My Love (Fool's Gold #20),GBP 27.41,In stock,2
Beowulf,GBP 38.35,In stock,2
Beautiful Creatures (Caster Chronicles #1),GBP 21.55,In stock,5
Awkward,GBP 38.02,In stock,2
Ash,GBP 22.06,In stock,4
Are We There Yet?,GBP 10.66,In stock,3
Are We Smart Enough to Know How Smart Animals Are?,GBP 56.58,In stock,1
Annie on My Mind,GBP 36.83,In stock,5
And Then There Were None,GBP 35.01,In stock,2
A Walk in the Woods: Rediscovering America on the Appalachian Trail,GBP 30.48,In stock,4
A Visit from the Goon Squad,GBP 14.08,In stock,5
A Storm of Swords (A Song of Ice and Fire #3),GBP 31.22,In stock,2
A Heartbreaking Work of Staggering Genius,GBP 54.29,In stock,5
8 Keys to Mental Health Through Exercise,GBP 31.04,In stock,1
#GIRLBOSS,GBP 50.96,In stock,1
"The Suffragettes (Little Black Classics, #96)",GBP 11.89,In stock,2
The Sense of an Ending,GBP 31.38,In stock,3
"The Sandman, Vol. 2: The Doll's House (The Sandman (volumes) #2)",GBP 54.81,In stock,1
The Course of Love,GBP 16.78,In stock,3
Sugar Rush (Offensive Line #2),GBP 24.42,In stock,1
"Saga, Volume 2 (Saga (Collected Editions) #2)",GBP 11.75,In stock,3
"Run, Spot, Run: The Ethics of Keeping Pets",GBP 20.02,In stock,1
New Moon (Twilight #2),GBP 12.86,In stock,4
Life,GBP 31.58,In stock,5
Kindle Paperwhite User's Guide,GBP 34.00,In stock,3
H is for Hawk,GBP 57.42,In stock,5
Girl Online On Tour (Girl Online #2),GBP 53.47,In stock,1
"Fruits Basket, Vol. 2 (Fruits Basket #2)",GBP 11.64,In stock,5
Diary of a Minecraft Zombie Book 1: A Scare of a Dare (An Unofficial Minecraft Book),GBP 52.88,In stock,4
"Y: The Last Man, Vol. 1: Unmanned (Y: The Last Man #1)",GBP 18.51,In stock,4
While You Were Mine,GBP 41.32,In stock,5
Where Lightning Strikes (Bleeding Stars #3),GBP 39.77,In stock,3
When I'm Gone,GBP 51.96,In stock,3
Ways of Seeing,GBP 39.51,In stock,5
"Vampire Knight, Vol. 1 (Vampire Knight #1)",GBP 15.40,In stock,1
Vampire Girl (Vampire Girl #1),GBP 53.82,In stock,2
Twenty Love Poems and a Song of Despair,GBP 30.95,In stock,4
Travels with Charley: In Search of America,GBP 57.82,In stock,5
Three Wishes (River of Time: California #1),GBP 44.18,In stock,2
This One Moment (Pushing Limits #1),GBP 48.71,In stock,1
The Zombie Room,GBP 19.69,In stock,5
"The Wicked + The Divine, Vol. 1: The Faust Act (The Wicked + The Divine)",GBP 36.52,In stock,2
The Tumor,GBP 41.56,In stock,5
The Story of Hong Gildong,GBP 43.19,In stock,4
The Silent Wife,GBP 12.34,In stock,5
The Silent Twin (Detective Jennifer Knight #3),GBP 36.25,In stock,3
The Selfish Gene,GBP 29.45,In stock,1
The Secret Healer,GBP 34.56,In stock,3
"The Sandman, Vol. 1: Preludes and Nocturnes (The Sandman (volumes) #1)",GBP 54.12,In stock,3
The Republic,GBP 33.78,In stock,3
The Odyssey,GBP 29.64,In stock,3
The No. 1 Ladies' Detective Agency (No. 1 Ladies' Detective Agency #1),GBP 57.70,In stock,4
The Nicomachean Ethics,GBP 36.34,In stock,1
The Name of the Wind (The Kingkiller Chronicle #1),GBP 50.59,In stock,3
The Mirror & the Maze (The Wrath and the Dawn #1.5),GBP 29.38,In stock,1
The Little Prince,GBP 45.42,In stock,2
The Light of the Fireflies,GBP 54.43,In stock,1
The Last Girl (The Dominion Trilogy #1),GBP 36.26,In stock,2
The Iliad,GBP 16.16,In stock,1
The Hook Up (Game On #1),GBP 36.29,In stock,5
The Haters,GBP 27.89,In stock,5
The Girl You Lost,GBP 12.29,In stock,5
The Girl In The Ice (DCI Erika Foster #1),GBP 15.85,In stock,3
The End of the Jesus Era (An Investigation #1),GBP 14.40,In stock,1
The Edge of Reason (Bridget Jones #2),GBP 19.18,In stock,4
The Complete Maus (Maus #1-2),GBP 10.64,In stock,3
The Communist Manifesto,GBP 14.76,In stock,3
The Bhagavad Gita,GBP 57.49,In stock,3
The Bette Davis Club,GBP 30.66,In stock,3
The Art of Not Breathing,GBP 40.83,In stock,4
Taking Shots (Assassins #1),GBP 18.88,In stock,2
Starlark,GBP 25.83,In stock,3
"Skip Beat!, Vol. 01 (Skip Beat! #1)",GBP 42.12,In stock,3
Sister Sable (The Mad Queen #1),GBP 13.33,In stock,3
Shatter Me (Shatter Me #1),GBP 42.40,In stock,1
Shameless,GBP 58.35,In stock,3
Shadow Rites (Jane Yellowrock #10),GBP 21.72,In stock,4
Settling the Score (The Summer Games #1),GBP 44.91,In stock,2
Sense and Sensibility,GBP 37.46,In stock,1
"Saga, Volume 1 (Saga (Collected Editions) #1)",GBP 28.48,In stock,1
"Rhythm, Chord & Malykhin",GBP 28.34,In stock,2
"Rat Queens, Vol. 1: Sass & Sorcery (Rat Queens (Collected Editions) #1-5)",GBP 46.96,In stock,5
Paradise Lost (Paradise #1),GBP 24.96,In stock,1
"Paper Girls, Vol. 1 (Paper Girls #1-5)",GBP 21.71,In stock,4
"Ouran High School Host Club, Vol. 1 (Ouran High School Host Club #1)",GBP 29.87,In stock,3
Origins (Alphas 0.5),GBP 28.99,In stock,1
One Second (Seven #7),GBP 52.94,In stock,2
On the Road (Duluoz Legend),GBP 32.36,In stock,3
Old Records Never Die: One Man's Quest for His Vinyl and His Past,GBP 55.66,In stock,2
Off Sides (Off #1),GBP 39.45,In stock,5
Of Mice and Men,GBP 47.11,In stock,2
Myriad (Prentor #1),GBP 58.75,In stock,4
My Perfect Mistake (Over the Top #1),GBP 38.92,In stock,2
"Ms. Marvel, Vol. 1: No Normal (Ms. Marvel (2014-2015) #1)",GBP 39.39,In stock,4
Meditations,GBP 25.89,In stock,2
Matilda,GBP 28.34,In stock,1
Lost Among the Living,GBP 27.70,In stock,4
Lord of the Flies,GBP 24.89,In stock,3
Listen to Me (Fusion #1),GBP 58.99,In stock,3
Kitchens of the Great Midwest,GBP 57.20,In stock,5
Jane Eyre,GBP 38.43,In stock,5
Imperfect Harmony,GBP 34.74,In stock,4
Icing (Aces Hockey #2),GBP 40.44,In stock,4
"Hawkeye, Vol. 1: My Life as a Weapon (Hawkeye #1)",GBP 45.24,In stock,3
Having the Barbarian's Baby (Ice Planet Barbarians #7.5),GBP 34.96,In stock,4
"Giant Days, Vol. 1 (Giant Days #1-4)",GBP 56.76,In stock,4
"Fruits Basket, Vol. 1 (Fruits Basket #1)",GBP 40.28,In stock,5
Frankenstein,GBP 38.00,In stock,2
Forever Rockers (The Rocker #12),GBP 28.80,In stock,3
Fighting Fate (Fighting #6),GBP 39.24,In stock,3
Emma,GBP 32.93,In stock,2
"Eat, Pray, Love",GBP 51.32,In stock,3
Deep Under (Walker Security #1),GBP 47.09,In stock,5
Choosing Our Religion: The Spiritual Lives of America's Nones,GBP 28.42,In stock,4
Charlie and the Chocolate Factory (Charlie Bucket #1),GBP 22.85,In stock,3
Charity's Cross (Charles Towne Belles #4),GBP 41.24,In stock,1
Bright Lines,GBP 39.07,In stock,5
Bridget Jones's Diary (Bridget Jones #1),GBP 29.82,In stock,1
Bounty (Colorado Mountain #7),GBP 37.26,In stock,4
Blood Defense (Samantha Brinkman #1),GBP 20.30,In stock,3
"Bleach, Vol. 1: Strawberry and the Soul Reapers (Bleach #1)",GBP 34.65,In stock,5
Beyond Good and Evil,GBP 43.38,In stock,1
Alice in Wonderland (Alice's Adventures in Wonderland #1),GBP 55.53,In stock,1
"Ajin: Demi-Human, Volume 1 (Ajin: Demi-Human #1)",GBP 57.06,In stock,4
A Spy's Devotion (The Regency Spies of London #1),GBP 16.97,In stock,5
1st to Die (Women's Murder Club #1),GBP 53.98,In stock,1
"1,000 Places to See Before You Die",GBP 26.08,In stock,5
